,experiment,type,loss,total_detected,avg_error
0,blur,indoor_0,42.0304345418,262,0.160421505885
1,blur,outdoor_0,102.701807599,238,0.431520199997
2,blur,indoor_1,43.6648759422,278,0.157067899073
3,blur,outdoor_1,92.4104341518,258,0.358179977332
4,blur,indoor_2,43.1912917038,272,0.158791513617
5,blur,outdoor_2,102.712684833,245,0.4192354483
6,blur,indoor_3,39.0117357799,254,0.153589510945
7,blur,outdoor_3,35.9980679511,233,0.154498145713
